x,y,z,weight
-0.33333333333333326,-0.33333333333333326,0.0,0.009077249051890305
-0.33333333333333326,-0.33333333333333326,0.428245444958865,0.01972788614627773
-0.33333333333333326,-0.33333333333333326,-0.428245444958865,0.01972788614627773
-0.33333333333333326,-0.33333333333333326,0.8723234116535635,0.009704734050224336
-0.33333333333333326,-0.33333333333333326,-0.8723234116535635,0.009704734050224336
-0.9512412209116504,-0.9512412209116504,0.0,0.0010764032098687629
0.9024824418233008,-0.9512412209116504,0.0,0.0010764032098687629
-0.9512412209116504,0.9024824418233008,0.0,0.0010764032098687629
-0.757665202347876,-0.757665202347876,0.0,0.00688137377650987
0.5153304046957521,-0.757665202347876,0.0,0.00688137377650987
-0.757665202347876,0.5153304046957521,0.0,0.00688137377650987
-1.4979795182057387e-11,-1.4979795182057387e-11,0.0,0.0009939677629598675
-0.9999999999700404,-1.4979795182057387e-11,0.0,0.0009939677629598675
-1.4979795182057387e-11,-0.9999999999700404,0.0,0.0009939677629598675
-0.1189621310210085,-0.1189621310210085,0.0,0.007907092724206349
-0.762075737957983,-0.1189621310210085,0.0,0.007907092724206349
-0.1189621310210085,-0.762075737957983,0.0,0.007907092724206349
-0.9815344836131903,-0.9815344836131903,0.6394969607919206,0.0003822825683165446
-0.9815344836131903,-0.9815344836131903,-0.6394969607919206,0.0003822825683165446
0.9630689672263806,-0.9815344836131903,0.6394969607919206,0.0003822825683165446
0.9630689672263806,-0.9815344836131903,-0.6394969607919206,0.0003822825683165446
-0.9815344836131903,0.9630689672263806,0.6394969607919206,0.0003822825683165446
-0.9815344836131903,0.9630689672263806,-0.6394969607919206,0.0003822825683165446
-0.9866950515082272,-0.9866950515082272,0.38726833014187556,0.0005380547508302596
-0.9866950515082272,-0.9866950515082272,-0.38726833014187556,0.0005380547508302596
0.9733901030164545,-0.9866950515082272,0.38726833014187556,0.0005380547508302596
0.9733901030164545,-0.9866950515082272,-0.38726833014187556,0.0005380547508302596
-0.9866950515082272,0.9733901030164545,0.38726833014187556,0.0005380547508302596
-0.9866950515082272,0.9733901030164545,-0.38726833014187556,0.0005380547508302596
-0.9376359359439314,-0.9376359359439314,0.21870455293827373,0.0020949898555850063
-0.9376359359439314,-0.9376359359439314,-0.21870455293827373,0.0020949898555850063
0.8752718718878627,-0.9376359359439314,0.21870455293827373,0.0020949898555850063
0.8752718718878627,-0.9376359359439314,-0.21870455293827373,0.0020949898555850063
-0.9376359359439314,0.8752718718878627,0.21870455293827373,0.0020949898555850063
-0.9376359359439314,0.8752718718878627,-0.21870455293827373,0.0020949898555850063
-0.9444289428051209,-0.9444289428051209,0.5015043412246891,0.0020424315440048025
-0.9444289428051209,-0.9444289428051209,-0.5015043412246891,0.0020424315440048025
0.8888578856102418,-0.9444289428051209,0.5015043412246891,0.0020424315440048025
0.8888578856102418,-0.9444289428051209,-0.5015043412246891,0.0020424315440048025
-0.9444289428051209,0.8888578856102418,0.5015043412246891,0.0020424315440048025
-0.9444289428051209,0.8888578856102418,-0.5015043412246891,0.0020424315440048025
-0.9082596899021741,-0.9082596899021741,0.8069385511177011,0.003445755989665124
-0.9082596899021741,-0.9082596899021741,-0.8069385511177011,0.003445755989665124
0.8165193798043482,-0.9082596899021741,0.8069385511177011,0.003445755989665124
0.8165193798043482,-0.9082596899021741,-0.8069385511177011,0.003445755989665124
-0.9082596899021741,0.8165193798043482,0.8069385511177011,0.003445755989665124
-0.9082596899021741,0.8165193798043482,-0.8069385511177011,0.003445755989665124
-0.9749058933097563,-0.9749058933097563,0.9936468235322539,0.0001705878107149334
-0.9749058933097563,-0.9749058933097563,-0.9936468235322539,0.0001705878107149334
0.9498117866195126,-0.9749058933097563,0.9936468235322539,0.0001705878107149334
0.9498117866195126,-0.9749058933097563,-0.9936468235322539,0.0001705878107149334
-0.9749058933097563,0.9498117866195126,0.9936468235322539,0.0001705878107149334
-0.9749058933097563,0.9498117866195126,-0.9936468235322539,0.0001705878107149334
-0.8115569083715666,-0.8115569083715666,0.4512836015833971,0.006779239511849553
-0.8115569083715666,-0.8115569083715666,-0.4512836015833971,0.006779239511849553
0.6231138167431332,-0.8115569083715666,0.4512836015833971,0.006779239511849553
0.6231138167431332,-0.8115569083715666,-0.4512836015833971,0.006779239511849553
-0.8115569083715666,0.6231138167431332,0.4512836015833971,0.006779239511849553
-0.8115569083715666,0.6231138167431332,-0.4512836015833971,0.006779239511849553
-0.8476215074784814,-0.8476215074784814,0.7230685429880422,0.00273815703752459
-0.8476215074784814,-0.8476215074784814,-0.7230685429880422,0.00273815703752459
0.6952430149569628,-0.8476215074784814,0.7230685429880422,0.00273815703752459
0.6952430149569628,-0.8476215074784814,-0.7230685429880422,0.00273815703752459
-0.8476215074784814,0.6952430149569628,0.7230685429880422,0.00273815703752459
-0.8476215074784814,0.6952430149569628,-0.7230685429880422,0.00273815703752459
-0.8711105476902743,-0.8711105476902743,0.9905450354848115,0.0011324789918295513
-0.8711105476902743,-0.8711105476902743,-0.9905450354848115,0.0011324789918295513
0.7422210953805486,-0.8711105476902743,0.9905450354848115,0.0011324789918295513
0.7422210953805486,-0.8711105476902743,-0.9905450354848115,0.0011324789918295513
-0.8711105476902743,0.7422210953805486,0.9905450354848115,0.0011324789918295513
-0.8711105476902743,0.7422210953805486,-0.9905450354848115,0.0011324789918295513
-0.9795041020073763,-0.9795041020073763,0.8653093529421603,0.0005903491513622351
-0.9795041020073763,-0.9795041020073763,-0.8653093529421603,0.0005903491513622351
0.9590082040147525,-0.9795041020073763,0.8653093529421603,0.0005903491513622351
0.9590082040147525,-0.9795041020073763,-0.8653093529421603,0.0005903491513622351
-0.9795041020073763,0.9590082040147525,0.8653093529421603,0.0005903491513622351
-0.9795041020073763,0.9590082040147525,-0.8653093529421603,0.0005903491513622351
-0.6896077453164394,-0.6896077453164394,0.23853511871311525,0.010475546325394835
-0.6896077453164394,-0.6896077453164394,-0.23853511871311525,0.010475546325394835
0.37921549063287885,-0.6896077453164394,0.23853511871311525,0.010475546325394835
0.37921549063287885,-0.6896077453164394,-0.23853511871311525,0.010475546325394835
-0.6896077453164394,0.37921549063287885,0.23853511871311525,0.010475546325394835
-0.6896077453164394,0.37921549063287885,-0.23853511871311525,0.010475546325394835
-0.7038848126789133,-0.7038848126789133,0.4865804862165727,0.006908833793415494
-0.7038848126789133,-0.7038848126789133,-0.4865804862165727,0.006908833793415494
0.4077696253578267,-0.7038848126789133,0.4865804862165727,0.006908833793415494
0.4077696253578267,-0.7038848126789133,-0.4865804862165727,0.006908833793415494
-0.7038848126789133,0.4077696253578267,0.4865804862165727,0.006908833793415494
-0.7038848126789133,0.4077696253578267,-0.4865804862165727,0.006908833793415494
-0.7521579096398138,-0.7521579096398138,0.7409586769309029,0.006810582089926547
-0.7521579096398138,-0.7521579096398138,-0.7409586769309029,0.006810582089926547
0.5043158192796275,-0.7521579096398138,0.7409586769309029,0.006810582089926547
0.5043158192796275,-0.7521579096398138,-0.7409586769309029,0.006810582089926547
-0.7521579096398138,0.5043158192796275,0.7409586769309029,0.006810582089926547
-0.7521579096398138,0.5043158192796275,-0.7409586769309029,0.006810582089926547
-0.7604797991102814,-0.7604797991102814,0.946688237408995,0.003672389408077662
-0.7604797991102814,-0.7604797991102814,-0.946688237408995,0.003672389408077662
0.5209595982205628,-0.7604797991102814,0.946688237408995,0.003672389408077662
0.5209595982205628,-0.7604797991102814,-0.946688237408995,0.003672389408077662
-0.7604797991102814,0.5209595982205628,0.946688237408995,0.003672389408077662
-0.7604797991102814,0.5209595982205628,-0.946688237408995,0.003672389408077662
-0.6607529004443837,-0.6607529004443837,0.9857976902023401,0.00239686046806739
-0.6607529004443837,-0.6607529004443837,-0.9857976902023401,0.00239686046806739
0.32150580088876746,-0.6607529004443837,0.9857976902023401,0.00239686046806739
0.32150580088876746,-0.6607529004443837,-0.9857976902023401,0.00239686046806739
-0.6607529004443837,0.32150580088876746,0.9857976902023401,0.00239686046806739
-0.6607529004443837,0.32150580088876746,-0.9857976902023401,0.00239686046806739
-0.584308871655976,-0.584308871655976,0.13863453830539363,0.01136957181665723
-0.584308871655976,-0.584308871655976,-0.13863453830539363,0.01136957181665723
0.168617743311952,-0.584308871655976,0.13863453830539363,0.01136957181665723
0.168617743311952,-0.584308871655976,-0.13863453830539363,0.01136957181665723
-0.584308871655976,0.168617743311952,0.13863453830539363,0.01136957181665723
-0.584308871655976,0.168617743311952,-0.13863453830539363,0.01136957181665723
-0.615668953411002,-0.615668953411002,0.6671861752027939,0.013566014053394013
-0.615668953411002,-0.615668953411002,-0.6671861752027939,0.013566014053394013
0.23133790682200406,-0.615668953411002,0.6671861752027939,0.013566014053394013
0.23133790682200406,-0.615668953411002,-0.6671861752027939,0.013566014053394013
-0.615668953411002,0.23133790682200406,0.6671861752027939,0.013566014053394013
-0.615668953411002,0.23133790682200406,-0.6671861752027939,0.013566014053394013
-0.5608949324773209,-0.5608949324773209,0.9190369463187057,0.008112073400881423
-0.5608949324773209,-0.5608949324773209,-0.9190369463187057,0.008112073400881423
0.12178986495464184,-0.5608949324773209,0.9190369463187057,0.008112073400881423
0.12178986495464184,-0.5608949324773209,-0.9190369463187057,0.008112073400881423
-0.5608949324773209,0.12178986495464184,0.9190369463187057,0.008112073400881423
-0.5608949324773209,0.12178986495464184,-0.9190369463187057,0.008112073400881423
-0.4328731121213212,-0.4328731121213212,0.1431415311846205,0.013961110826039475
-0.4328731121213212,-0.4328731121213212,-0.1431415311846205,0.013961110826039475
-0.13425377575735764,-0.4328731121213212,0.1431415311846205,0.013961110826039475
-0.13425377575735764,-0.4328731121213212,-0.1431415311846205,0.013961110826039475
-0.4328731121213212,-0.13425377575735764,0.1431415311846205,0.013961110826039475
-0.4328731121213212,-0.13425377575735764,-0.1431415311846205,0.013961110826039475
-0.5037224516674332,-0.5037224516674332,0.46691722188297163,0.019862167666894148
-0.5037224516674332,-0.5037224516674332,-0.46691722188297163,0.019862167666894148
0.007444903334866471,-0.5037224516674332,0.46691722188297163,0.019862167666894148
0.007444903334866471,-0.5037224516674332,-0.46691722188297163,0.019862167666894148
-0.5037224516674332,0.007444903334866471,0.46691722188297163,0.019862167666894148
-0.5037224516674332,0.007444903334866471,-0.46691722188297163,0.019862167666894148
-0.4388834264947463,-0.4388834264947463,0.7428149379808482,0.009785095127004982
-0.4388834264947463,-0.4388834264947463,-0.7428149379808482,0.009785095127004982
-0.12223314701050736,-0.4388834264947463,0.7428149379808482,0.009785095127004982
-0.12223314701050736,-0.4388834264947463,-0.7428149379808482,0.009785095127004982
-0.4388834264947463,-0.12223314701050736,0.7428149379808482,0.009785095127004982
-0.4388834264947463,-0.12223314701050736,-0.7428149379808482,0.009785095127004982
-0.41708332749056165,-0.41708332749056165,0.9342112557157954,0.0038560635785403257
-0.41708332749056165,-0.41708332749056165,-0.9342112557157954,0.0038560635785403257
-0.1658333450188767,-0.41708332749056165,0.9342112557157954,0.0038560635785403257
-0.1658333450188767,-0.41708332749056165,-0.9342112557157954,0.0038560635785403257
-0.41708332749056165,-0.1658333450188767,0.9342112557157954,0.0038560635785403257
-0.41708332749056165,-0.1658333450188767,-0.9342112557157954,0.0038560635785403257
-0.4555340785010128,-0.4555340785010128,0.9998845664741572,0.0020202281603817302
-0.4555340785010128,-0.4555340785010128,-0.9998845664741572,0.0020202281603817302
-0.08893184299797441,-0.4555340785010128,0.9998845664741572,0.0020202281603817302
-0.08893184299797441,-0.4555340785010128,-0.9998845664741572,0.0020202281603817302
-0.4555340785010128,-0.08893184299797441,0.9998845664741572,0.0020202281603817302
-0.4555340785010128,-0.08893184299797441,-0.9998845664741572,0.0020202281603817302
-4.4037495872117915e-10,-4.4037495872117915e-10,0.5806964571242955,0.001707606616123977
-4.4037495872117915e-10,-4.4037495872117915e-10,-0.5806964571242955,0.001707606616123977
-0.9999999991192501,-4.4037495872117915e-10,0.5806964571242955,0.001707606616123977
-0.9999999991192501,-4.4037495872117915e-10,-0.5806964571242955,0.001707606616123977
-4.4037495872117915e-10,-0.9999999991192501,0.5806964571242955,0.001707606616123977
-4.4037495872117915e-10,-0.9999999991192501,-0.5806964571242955,0.001707606616123977
-1.2974240126695236e-08,-1.2974240126695236e-08,0.9628623938277223,0.0005484802102581445
-1.2974240126695236e-08,-1.2974240126695236e-08,-0.9628623938277223,0.0005484802102581445
-0.9999999740515197,-1.2974240126695236e-08,0.9628623938277223,0.0005484802102581445
-0.9999999740515197,-1.2974240126695236e-08,-0.9628623938277223,0.0005484802102581445
-1.2974240126695236e-08,-0.9999999740515197,0.9628623938277223,0.0005484802102581445
-1.2974240126695236e-08,-0.9999999740515197,-0.9628623938277223,0.0005484802102581445
-0.04935241846926952,-0.04935241846926952,0.4208532391010365,0.010949115779876535
-0.04935241846926952,-0.04935241846926952,-0.4208532391010365,0.010949115779876535
-0.901295163061461,-0.04935241846926952,0.4208532391010365,0.010949115779876535
-0.901295163061461,-0.04935241846926952,-0.4208532391010365,0.010949115779876535
-0.04935241846926952,-0.901295163061461,0.4208532391010365,0.010949115779876535
-0.04935241846926952,-0.901295163061461,-0.4208532391010365,0.010949115779876535
-0.02867979505393392,-0.02867979505393392,0.6834861484777561,0.006048233430297773
-0.02867979505393392,-0.02867979505393392,-0.6834861484777561,0.006048233430297773
-0.9426404098921322,-0.02867979505393392,0.6834861484777561,0.006048233430297773
-0.9426404098921322,-0.02867979505393392,-0.6834861484777561,0.006048233430297773
-0.02867979505393392,-0.9426404098921322,0.6834861484777561,0.006048233430297773
-0.02867979505393392,-0.9426404098921322,-0.6834861484777561,0.006048233430297773
-0.10125876098511966,-0.10125876098511966,0.8878241163803259,0.007800976172299347
-0.10125876098511966,-0.10125876098511966,-0.8878241163803259,0.007800976172299347
-0.7974824780297607,-0.10125876098511966,0.8878241163803259,0.007800976172299347
-0.7974824780297607,-0.10125876098511966,-0.8878241163803259,0.007800976172299347
-0.10125876098511966,-0.7974824780297607,0.8878241163803259,0.007800976172299347
-0.10125876098511966,-0.7974824780297607,-0.8878241163803259,0.007800976172299347
-0.027260905942615987,-0.027260905942615987,0.92372613242832,0.0032578036425565966
-0.027260905942615987,-0.027260905942615987,-0.92372613242832,0.0032578036425565966
-0.945478188114768,-0.027260905942615987,0.92372613242832,0.0032578036425565966
-0.945478188114768,-0.027260905942615987,-0.92372613242832,0.0032578036425565966
-0.027260905942615987,-0.945478188114768,0.92372613242832,0.0032578036425565966
-0.027260905942615987,-0.945478188114768,-0.92372613242832,0.0032578036425565966
-0.11242444010143204,-0.11242444010143204,0.15504953961307005,0.005524900849230995
-0.11242444010143204,-0.11242444010143204,-0.15504953961307005,0.005524900849230995
-0.7751511197971359,-0.11242444010143204,0.15504953961307005,0.005524900849230995
-0.7751511197971359,-0.11242444010143204,-0.15504953961307005,0.005524900849230995
-0.11242444010143204,-0.7751511197971359,0.15504953961307005,0.005524900849230995
-0.11242444010143204,-0.7751511197971359,-0.15504953961307005,0.005524900849230995
-0.11948810500377949,-0.11948810500377949,0.5806719976197514,0.014992890243370357
-0.11948810500377949,-0.11948810500377949,-0.5806719976197514,0.014992890243370357
-0.761023789992441,-0.11948810500377949,0.5806719976197514,0.014992890243370357
-0.761023789992441,-0.11948810500377949,-0.5806719976197514,0.014992890243370357
-0.11948810500377949,-0.761023789992441,0.5806719976197514,0.014992890243370357
-0.11948810500377949,-0.761023789992441,-0.5806719976197514,0.014992890243370357
-0.12380903406529464,-0.12380903406529464,0.9824601199093956,0.0007150770907093822
-0.12380903406529464,-0.12380903406529464,-0.9824601199093956,0.0007150770907093822
-0.7523819318694107,-0.12380903406529464,0.9824601199093956,0.0007150770907093822
-0.7523819318694107,-0.12380903406529464,-0.9824601199093956,0.0007150770907093822
-0.12380903406529464,-0.7523819318694107,0.9824601199093956,0.0007150770907093822
-0.12380903406529464,-0.7523819318694107,-0.9824601199093956,0.0007150770907093822
-0.057346275162771354,-0.057346275162771354,0.9999999993391526,0.001429363044638511
-0.057346275162771354,-0.057346275162771354,-0.9999999993391526,0.001429363044638511
-0.8853074496744573,-0.057346275162771354,0.9999999993391526,0.001429363044638511
-0.8853074496744573,-0.057346275162771354,-0.9999999993391526,0.001429363044638511
-0.057346275162771354,-0.8853074496744573,0.9999999993391526,0.001429363044638511
-0.057346275162771354,-0.8853074496744573,-0.9999999993391526,0.001429363044638511
-0.21695224120241985,-0.21695224120241985,0.23875810523864596,0.016261342571280823
-0.21695224120241985,-0.21695224120241985,-0.23875810523864596,0.016261342571280823
-0.5660955175951603,-0.21695224120241985,0.23875810523864596,0.016261342571280823
-0.5660955175951603,-0.21695224120241985,-0.23875810523864596,0.016261342571280823
-0.21695224120241985,-0.5660955175951603,0.23875810523864596,0.016261342571280823
-0.21695224120241985,-0.5660955175951603,-0.23875810523864596,0.016261342571280823
-0.23172520808552677,-0.23172520808552677,0.6240292232980186,0.015858545594155036
-0.23172520808552677,-0.23172520808552677,-0.6240292232980186,0.015858545594155036
-0.5365495838289465,-0.23172520808552677,0.6240292232980186,0.015858545594155036
-0.5365495838289465,-0.23172520808552677,-0.6240292232980186,0.015858545594155036
-0.23172520808552677,-0.5365495838289465,0.6240292232980186,0.015858545594155036
-0.23172520808552677,-0.5365495838289465,-0.6240292232980186,0.015858545594155036
-0.19829134662295067,-0.19829134662295067,0.9564191793369661,0.005976494843464189
-0.19829134662295067,-0.19829134662295067,-0.9564191793369661,0.005976494843464189
-0.6034173067540987,-0.19829134662295067,0.9564191793369661,0.005976494843464189
-0.6034173067540987,-0.19829134662295067,-0.9564191793369661,0.005976494843464189
-0.19829134662295067,-0.6034173067540987,0.9564191793369661,0.005976494843464189
-0.19829134662295067,-0.6034173067540987,-0.9564191793369661,0.005976494843464189
-0.9559124365724819,0.9559124365641256,0.0,0.0005693214210953546
0.9559124365641256,-0.9559124365724819,0.0,0.0005693214210953546
-0.9999999999916437,0.9559124365641256,0.0,0.0005693214210953546
0.9559124365641256,-0.9999999999916437,0.0,0.0005693214210953546
-0.9999999999916437,-0.9559124365724819,0.0,0.0005693214210953546
-0.9559124365724819,-0.9999999999916437,0.0,0.0005693214210953546
-0.8088490260459801,0.7639541305771398,0.0,0.006045203321296955
0.7639541305771398,-0.8088490260459801,0.0,0.006045203321296955
-0.9551051045311597,0.7639541305771398,0.0,0.006045203321296955
0.7639541305771398,-0.9551051045311597,0.0,0.006045203321296955
-0.9551051045311597,-0.8088490260459801,0.0,0.006045203321296955
-0.8088490260459801,-0.9551051045311597,0.0,0.006045203321296955
-0.606590139866794,0.5933558174415972,0.0,0.003707706058908166
0.5933558174415972,-0.606590139866794,0.0,0.003707706058908166
-0.9867656775748032,0.5933558174415972,0.0,0.003707706058908166
0.5933558174415972,-0.9867656775748032,0.0,0.003707706058908166
-0.9867656775748032,-0.606590139866794,0.0,0.003707706058908166
-0.606590139866794,-0.9867656775748032,0.0,0.003707706058908166
-0.33695248240270625,0.335241419231195,0.0,0.002016434909762334
0.335241419231195,-0.33695248240270625,0.0,0.002016434909762334
-0.9982889368284887,0.335241419231195,0.0,0.002016434909762334
0.335241419231195,-0.9982889368284887,0.0,0.002016434909762334
-0.9982889368284887,-0.33695248240270625,0.0,0.002016434909762334
-0.33695248240270625,-0.9982889368284887,0.0,0.002016434909762334
-0.16590222863014714,0.10421873315160513,0.0,0.008870726845349047
0.10421873315160513,-0.16590222863014714,0.0,0.008870726845349047
-0.938316504521458,0.10421873315160513,0.0,0.008870726845349047
0.10421873315160513,-0.938316504521458,0.0,0.008870726845349047
-0.938316504521458,-0.16590222863014714,0.0,0.008870726845349047
-0.16590222863014714,-0.938316504521458,0.0,0.008870726845349047
-0.5042844421453048,0.3261511913398034,0.0,0.014214736496409667
0.3261511913398034,-0.5042844421453048,0.0,0.014214736496409667
-0.8218667491944986,0.3261511913398034,0.0,0.014214736496409667
0.3261511913398034,-0.8218667491944986,0.0,0.014214736496409667
-0.8218667491944986,-0.5042844421453048,0.0,0.014214736496409667
-0.5042844421453048,-0.8218667491944986,0.0,0.014214736496409667
-0.36219864089683373,0.01612663694074845,0.0,0.016339277208944875
0.01612663694074845,-0.36219864089683373,0.0,0.016339277208944875
-0.6539279960439147,0.01612663694074845,0.0,0.016339277208944875
0.01612663694074845,-0.6539279960439147,0.0,0.016339277208944875
-0.6539279960439147,-0.36219864089683373,0.0,0.016339277208944875
-0.36219864089683373,-0.6539279960439147,0.0,0.016339277208944875
-0.8876829573516812,0.8756018492357416,0.2828590388832313,0.0013837660722281688
-0.8876829573516812,0.8756018492357416,-0.2828590388832313,0.0013837660722281688
0.8756018492357416,-0.8876829573516812,0.2828590388832313,0.0013837660722281688
0.8756018492357416,-0.8876829573516812,-0.2828590388832313,0.0013837660722281688
-0.9879188918840603,0.8756018492357416,0.2828590388832313,0.0013837660722281688
-0.9879188918840603,0.8756018492357416,-0.2828590388832313,0.0013837660722281688
0.8756018492357416,-0.9879188918840603,0.2828590388832313,0.0013837660722281688
0.8756018492357416,-0.9879188918840603,-0.2828590388832313,0.0013837660722281688
-0.9879188918840603,-0.8876829573516812,0.2828590388832313,0.0013837660722281688
-0.9879188918840603,-0.8876829573516812,-0.2828590388832313,0.0013837660722281688
-0.8876829573516812,-0.9879188918840603,0.2828590388832313,0.0013837660722281688
-0.8876829573516812,-0.9879188918840603,-0.2828590388832313,0.0013837660722281688
-0.9042736696366305,0.895431534213428,0.6959863150134331,0.001119891609799666
-0.9042736696366305,0.895431534213428,-0.6959863150134331,0.001119891609799666
0.895431534213428,-0.9042736696366305,0.6959863150134331,0.001119891609799666
0.895431534213428,-0.9042736696366305,-0.6959863150134331,0.001119891609799666
-0.9911578645767976,0.895431534213428,0.6959863150134331,0.001119891609799666
-0.9911578645767976,0.895431534213428,-0.6959863150134331,0.001119891609799666
0.895431534213428,-0.9911578645767976,0.6959863150134331,0.001119891609799666
0.895431534213428,-0.9911578645767976,-0.6959863150134331,0.001119891609799666
-0.9911578645767976,-0.9042736696366305,0.6959863150134331,0.001119891609799666
-0.9911578645767976,-0.9042736696366305,-0.6959863150134331,0.001119891609799666
-0.9042736696366305,-0.9911578645767976,0.6959863150134331,0.001119891609799666
-0.9042736696366305,-0.9911578645767976,-0.6959863150134331,0.001119891609799666
-0.7604814115900629,0.7604814112467981,0.3240103644052968,0.0012210487905541536
-0.7604814115900629,0.7604814112467981,-0.3240103644052968,0.0012210487905541536
0.7604814112467981,-0.7604814115900629,0.3240103644052968,0.0012210487905541536
0.7604814112467981,-0.7604814115900629,-0.3240103644052968,0.0012210487905541536
-0.9999999996567353,0.7604814112467981,0.3240103644052968,0.0012210487905541536
-0.9999999996567353,0.7604814112467981,-0.3240103644052968,0.0012210487905541536
0.7604814112467981,-0.9999999996567353,0.3240103644052968,0.0012210487905541536
0.7604814112467981,-0.9999999996567353,-0.3240103644052968,0.0012210487905541536
-0.9999999996567353,-0.7604814115900629,0.3240103644052968,0.0012210487905541536
-0.9999999996567353,-0.7604814115900629,-0.3240103644052968,0.0012210487905541536
-0.7604814115900629,-0.9999999996567353,0.3240103644052968,0.0012210487905541536
-0.7604814115900629,-0.9999999996567353,-0.3240103644052968,0.0012210487905541536
-0.6512450731199322,0.5981759723006848,0.32508469425720954,0.0065438237708925545
-0.6512450731199322,0.5981759723006848,-0.32508469425720954,0.0065438237708925545
0.5981759723006848,-0.6512450731199322,0.32508469425720954,0.0065438237708925545
0.5981759723006848,-0.6512450731199322,-0.32508469425720954,0.0065438237708925545
-0.9469308991807526,0.5981759723006848,0.32508469425720954,0.0065438237708925545
-0.9469308991807526,0.5981759723006848,-0.32508469425720954,0.0065438237708925545
0.5981759723006848,-0.9469308991807526,0.32508469425720954,0.0065438237708925545
0.5981759723006848,-0.9469308991807526,-0.32508469425720954,0.0065438237708925545
-0.9469308991807526,-0.6512450731199322,0.32508469425720954,0.0065438237708925545
-0.9469308991807526,-0.6512450731199322,-0.32508469425720954,0.0065438237708925545
-0.6512450731199322,-0.9469308991807526,0.32508469425720954,0.0065438237708925545
-0.6512450731199322,-0.9469308991807526,-0.32508469425720954,0.0065438237708925545
-0.5943127777032287,0.5781782130662938,0.6087907321611815,0.003078370342481269
-0.5943127777032287,0.5781782130662938,-0.6087907321611815,0.003078370342481269
0.5781782130662938,-0.5943127777032287,0.6087907321611815,0.003078370342481269
0.5781782130662938,-0.5943127777032287,-0.6087907321611815,0.003078370342481269
-0.9838654353630651,0.5781782130662938,0.6087907321611815,0.003078370342481269
-0.9838654353630651,0.5781782130662938,-0.6087907321611815,0.003078370342481269
0.5781782130662938,-0.9838654353630651,0.6087907321611815,0.003078370342481269
0.5781782130662938,-0.9838654353630651,-0.6087907321611815,0.003078370342481269
-0.9838654353630651,-0.5943127777032287,0.6087907321611815,0.003078370342481269
-0.9838654353630651,-0.5943127777032287,-0.6087907321611815,0.003078370342481269
-0.5943127777032287,-0.9838654353630651,0.6087907321611815,0.003078370342481269
-0.5943127777032287,-0.9838654353630651,-0.6087907321611815,0.003078370342481269
-0.43378371354311385,0.4242337266229457,0.40346797343826596,0.002477461927831597
-0.43378371354311385,0.4242337266229457,-0.40346797343826596,0.002477461927831597
0.4242337266229457,-0.43378371354311385,0.40346797343826596,0.002477461927831597
0.4242337266229457,-0.43378371354311385,-0.40346797343826596,0.002477461927831597
-0.9904500130798318,0.4242337266229457,0.40346797343826596,0.002477461927831597
-0.9904500130798318,0.4242337266229457,-0.40346797343826596,0.002477461927831597
0.4242337266229457,-0.9904500130798318,0.40346797343826596,0.002477461927831597
0.4242337266229457,-0.9904500130798318,-0.40346797343826596,0.002477461927831597
-0.9904500130798318,-0.43378371354311385,0.40346797343826596,0.002477461927831597
-0.9904500130798318,-0.43378371354311385,-0.40346797343826596,0.002477461927831597
-0.43378371354311385,-0.9904500130798318,0.40346797343826596,0.002477461927831597
-0.43378371354311385,-0.9904500130798318,-0.40346797343826596,0.002477461927831597
-0.8635993714921927,-0.8635993714921927,0.2507206694212835,0.006651489043496117
-0.8635993714921927,-0.8635993714921927,-0.2507206694212835,0.006651489043496117
0.7271987429843854,-0.8635993714921927,0.2507206694212835,0.006651489043496117
0.7271987429843854,-0.8635993714921927,-0.2507206694212835,0.006651489043496117
-0.8635993714921927,0.7271987429843854,0.2507206694212835,0.006651489043496117
-0.8635993714921927,0.7271987429843854,-0.2507206694212835,0.006651489043496117
-0.8113959855150692,0.7609072392705314,0.5441036700734334,0.005007739927827917
-0.8113959855150692,0.7609072392705314,-0.5441036700734334,0.005007739927827917
0.7609072392705314,-0.8113959855150692,0.5441036700734334,0.005007739927827917
0.7609072392705314,-0.8113959855150692,-0.5441036700734334,0.005007739927827917
-0.9495112537554622,0.7609072392705314,0.5441036700734334,0.005007739927827917
-0.9495112537554622,0.7609072392705314,-0.5441036700734334,0.005007739927827917
0.7609072392705314,-0.9495112537554622,0.5441036700734334,0.005007739927827917
0.7609072392705314,-0.9495112537554622,-0.5441036700734334,0.005007739927827917
-0.9495112537554622,-0.8113959855150692,0.5441036700734334,0.005007739927827917
-0.9495112537554622,-0.8113959855150692,-0.5441036700734334,0.005007739927827917
-0.8113959855150692,-0.9495112537554622,0.5441036700734334,0.005007739927827917
-0.8113959855150692,-0.9495112537554622,-0.5441036700734334,0.005007739927827917
-0.7443312216512519,0.7294647557040332,0.804776963305647,0.0020845672705942855
-0.7443312216512519,0.7294647557040332,-0.804776963305647,0.0020845672705942855
0.7294647557040332,-0.7443312216512519,0.804776963305647,0.0020845672705942855
0.7294647557040332,-0.7443312216512519,-0.804776963305647,0.0020845672705942855
-0.9851335340527814,0.7294647557040332,0.804776963305647,0.0020845672705942855
-0.9851335340527814,0.7294647557040332,-0.804776963305647,0.0020845672705942855
0.7294647557040332,-0.9851335340527814,0.804776963305647,0.0020845672705942855
0.7294647557040332,-0.9851335340527814,-0.804776963305647,0.0020845672705942855
-0.9851335340527814,-0.7443312216512519,0.804776963305647,0.0020845672705942855
-0.9851335340527814,-0.7443312216512519,-0.804776963305647,0.0020845672705942855
-0.7443312216512519,-0.9851335340527814,0.804776963305647,0.0020845672705942855
-0.7443312216512519,-0.9851335340527814,-0.804776963305647,0.0020845672705942855
-0.8809702843423095,0.8575388862946229,0.9419381219722399,0.0011522997627766945
-0.8809702843423095,0.8575388862946229,-0.9419381219722399,0.0011522997627766945
0.8575388862946229,-0.8809702843423095,0.9419381219722399,0.0011522997627766945
0.8575388862946229,-0.8809702843423095,-0.9419381219722399,0.0011522997627766945
-0.9765686019523134,0.8575388862946229,0.9419381219722399,0.0011522997627766945
-0.9765686019523134,0.8575388862946229,-0.9419381219722399,0.0011522997627766945
0.8575388862946229,-0.9765686019523134,0.9419381219722399,0.0011522997627766945
0.8575388862946229,-0.9765686019523134,-0.9419381219722399,0.0011522997627766945
-0.9765686019523134,-0.8809702843423095,0.9419381219722399,0.0011522997627766945
-0.9765686019523134,-0.8809702843423095,-0.9419381219722399,0.0011522997627766945
-0.8809702843423095,-0.9765686019523134,0.9419381219722399,0.0011522997627766945
-0.8809702843423095,-0.9765686019523134,-0.9419381219722399,0.0011522997627766945
-0.6919294029139909,0.5594890406357631,0.151740017525017,0.007206787419798887
-0.6919294029139909,0.5594890406357631,-0.151740017525017,0.007206787419798887
0.5594890406357631,-0.6919294029139909,0.151740017525017,0.007206787419798887
0.5594890406357631,-0.6919294029139909,-0.151740017525017,0.007206787419798887
-0.8675596377217722,0.5594890406357631,0.151740017525017,0.007206787419798887
-0.8675596377217722,0.5594890406357631,-0.151740017525017,0.007206787419798887
0.5594890406357631,-0.8675596377217722,0.151740017525017,0.007206787419798887
0.5594890406357631,-0.8675596377217722,-0.151740017525017,0.007206787419798887
-0.8675596377217722,-0.6919294029139909,0.151740017525017,0.007206787419798887
-0.8675596377217722,-0.6919294029139909,-0.151740017525017,0.007206787419798887
-0.6919294029139909,-0.8675596377217722,0.151740017525017,0.007206787419798887
-0.6919294029139909,-0.8675596377217722,-0.151740017525017,0.007206787419798887
-0.5824303149247603,0.4247176387361826,0.4844000584698907,0.01062810885194588
-0.5824303149247603,0.4247176387361826,-0.4844000584698907,0.01062810885194588
0.4247176387361826,-0.5824303149247603,0.4844000584698907,0.01062810885194588
0.4247176387361826,-0.5824303149247603,-0.4844000584698907,0.01062810885194588
-0.8422873238114224,0.4247176387361826,0.4844000584698907,0.01062810885194588
-0.8422873238114224,0.4247176387361826,-0.4844000584698907,0.01062810885194588
0.4247176387361826,-0.8422873238114224,0.4844000584698907,0.01062810885194588
0.4247176387361826,-0.8422873238114224,-0.4844000584698907,0.01062810885194588
-0.8422873238114224,-0.5824303149247603,0.4844000584698907,0.01062810885194588
-0.8422873238114224,-0.5824303149247603,-0.4844000584698907,0.01062810885194588
-0.5824303149247603,-0.8422873238114224,0.4844000584698907,0.01062810885194588
-0.5824303149247603,-0.8422873238114224,-0.4844000584698907,0.01062810885194588
-0.6932209270436737,0.5844181269626125,0.6922938454056153,0.005357296291156761
-0.6932209270436737,0.5844181269626125,-0.6922938454056153,0.005357296291156761
0.5844181269626125,-0.6932209270436737,0.6922938454056153,0.005357296291156761
0.5844181269626125,-0.6932209270436737,-0.6922938454056153,0.005357296291156761
-0.8911971999189389,0.5844181269626125,0.6922938454056153,0.005357296291156761
-0.8911971999189389,0.5844181269626125,-0.6922938454056153,0.005357296291156761
0.5844181269626125,-0.8911971999189389,0.6922938454056153,0.005357296291156761
0.5844181269626125,-0.8911971999189389,-0.6922938454056153,0.005357296291156761
-0.8911971999189389,-0.6932209270436737,0.6922938454056153,0.005357296291156761
-0.8911971999189389,-0.6932209270436737,-0.6922938454056153,0.005357296291156761
-0.6932209270436737,-0.8911971999189389,0.6922938454056153,0.005357296291156761
-0.6932209270436737,-0.8911971999189389,-0.6922938454056153,0.005357296291156761
-0.7446458658559814,0.6501262547827278,0.9016994952046692,0.0037918971128074117
-0.7446458658559814,0.6501262547827278,-0.9016994952046692,0.0037918971128074117
0.6501262547827278,-0.7446458658559814,0.9016994952046692,0.0037918971128074117
0.6501262547827278,-0.7446458658559814,-0.9016994952046692,0.0037918971128074117
-0.9054803889267464,0.6501262547827278,0.9016994952046692,0.0037918971128074117
-0.9054803889267464,0.6501262547827278,-0.9016994952046692,0.0037918971128074117
0.6501262547827278,-0.9054803889267464,0.9016994952046692,0.0037918971128074117
0.6501262547827278,-0.9054803889267464,-0.9016994952046692,0.0037918971128074117
-0.9054803889267464,-0.7446458658559814,0.9016994952046692,0.0037918971128074117
-0.9054803889267464,-0.7446458658559814,-0.9016994952046692,0.0037918971128074117
-0.7446458658559814,-0.9054803889267464,0.9016994952046692,0.0037918971128074117
-0.7446458658559814,-0.9054803889267464,-0.9016994952046692,0.0037918971128074117
-0.7166233609149475,0.6934619625779344,0.9845098971443593,0.0006894811264748302
-0.7166233609149475,0.6934619625779344,-0.9845098971443593,0.0006894811264748302
0.6934619625779344,-0.7166233609149475,0.9845098971443593,0.0006894811264748302
0.6934619625779344,-0.7166233609149475,-0.9845098971443593,0.0006894811264748302
-0.9768386016629869,0.6934619625779344,0.9845098971443593,0.0006894811264748302
-0.9768386016629869,0.6934619625779344,-0.9845098971443593,0.0006894811264748302
0.6934619625779344,-0.9768386016629869,0.9845098971443593,0.0006894811264748302
0.6934619625779344,-0.9768386016629869,-0.9845098971443593,0.0006894811264748302
-0.9768386016629869,-0.7166233609149475,0.9845098971443593,0.0006894811264748302
-0.9768386016629869,-0.7166233609149475,-0.9845098971443593,0.0006894811264748302
-0.7166233609149475,-0.9768386016629869,0.9845098971443593,0.0006894811264748302
-0.7166233609149475,-0.9768386016629869,-0.9845098971443593,0.0006894811264748302
-0.4368846774088325,0.3755474696763259,0.19380712608959255,0.008582659646664053
-0.4368846774088325,0.3755474696763259,-0.19380712608959255,0.008582659646664053
0.3755474696763259,-0.4368846774088325,0.19380712608959255,0.008582659646664053
0.3755474696763259,-0.4368846774088325,-0.19380712608959255,0.008582659646664053
-0.9386627922674934,0.3755474696763259,0.19380712608959255,0.008582659646664053
-0.9386627922674934,0.3755474696763259,-0.19380712608959255,0.008582659646664053
0.3755474696763259,-0.9386627922674934,0.19380712608959255,0.008582659646664053
0.3755474696763259,-0.9386627922674934,-0.19380712608959255,0.008582659646664053
-0.9386627922674934,-0.4368846774088325,0.19380712608959255,0.008582659646664053
-0.9386627922674934,-0.4368846774088325,-0.19380712608959255,0.008582659646664053
-0.4368846774088325,-0.9386627922674934,0.19380712608959255,0.008582659646664053
-0.4368846774088325,-0.9386627922674934,-0.19380712608959255,0.008582659646664053
-0.4745669905110309,0.3953970869926693,0.7039973562236692,0.0060068959678099155
-0.4745669905110309,0.3953970869926693,-0.7039973562236692,0.0060068959678099155
0.3953970869926693,-0.4745669905110309,0.7039973562236692,0.0060068959678099155
0.3953970869926693,-0.4745669905110309,-0.7039973562236692,0.0060068959678099155
-0.9208300964816384,0.3953970869926693,0.7039973562236692,0.0060068959678099155
-0.9208300964816384,0.3953970869926693,-0.7039973562236692,0.0060068959678099155
0.3953970869926693,-0.9208300964816384,0.7039973562236692,0.0060068959678099155
0.3953970869926693,-0.9208300964816384,-0.7039973562236692,0.0060068959678099155
-0.9208300964816384,-0.4745669905110309,0.7039973562236692,0.0060068959678099155
-0.9208300964816384,-0.4745669905110309,-0.7039973562236692,0.0060068959678099155
-0.4745669905110309,-0.9208300964816384,0.7039973562236692,0.0060068959678099155
-0.4745669905110309,-0.9208300964816384,-0.7039973562236692,0.0060068959678099155
-0.5316949368171294,0.4828476524779084,0.8598510069260579,0.0029477656674306643
-0.5316949368171294,0.4828476524779084,-0.8598510069260579,0.0029477656674306643
0.4828476524779084,-0.5316949368171294,0.8598510069260579,0.0029477656674306643
0.4828476524779084,-0.5316949368171294,-0.8598510069260579,0.0029477656674306643
-0.951152715660779,0.4828476524779084,0.8598510069260579,0.0029477656674306643
-0.951152715660779,0.4828476524779084,-0.8598510069260579,0.0029477656674306643
0.4828476524779084,-0.951152715660779,0.8598510069260579,0.0029477656674306643
0.4828476524779084,-0.951152715660779,-0.8598510069260579,0.0029477656674306643
-0.951152715660779,-0.5316949368171294,0.8598510069260579,0.0029477656674306643
-0.951152715660779,-0.5316949368171294,-0.8598510069260579,0.0029477656674306643
-0.5316949368171294,-0.951152715660779,0.8598510069260579,0.0029477656674306643
-0.5316949368171294,-0.951152715660779,-0.8598510069260579,0.0029477656674306643
-0.5308847198873805,0.5186639961627426,0.9400310267143899,0.0010732423318564656
-0.5308847198873805,0.5186639961627426,-0.9400310267143899,0.0010732423318564656
0.5186639961627426,-0.5308847198873805,0.9400310267143899,0.0010732423318564656
0.5186639961627426,-0.5308847198873805,-0.9400310267143899,0.0010732423318564656
-0.9877792762753621,0.5186639961627426,0.9400310267143899,0.0010732423318564656
-0.9877792762753621,0.5186639961627426,-0.9400310267143899,0.0010732423318564656
0.5186639961627426,-0.9877792762753621,0.9400310267143899,0.0010732423318564656
0.5186639961627426,-0.9877792762753621,-0.9400310267143899,0.0010732423318564656
-0.9877792762753621,-0.5308847198873805,0.9400310267143899,0.0010732423318564656
-0.9877792762753621,-0.5308847198873805,-0.9400310267143899,0.0010732423318564656
-0.5308847198873805,-0.9877792762753621,0.9400310267143899,0.0010732423318564656
-0.5308847198873805,-0.9877792762753621,-0.9400310267143899,0.0010732423318564656
-0.15209612958331287,0.1315150724156775,0.27532884054522905,0.004736858629095771
-0.15209612958331287,0.1315150724156775,-0.27532884054522905,0.004736858629095771
0.1315150724156775,-0.15209612958331287,0.27532884054522905,0.004736858629095771
0.1315150724156775,-0.15209612958331287,-0.27532884054522905,0.004736858629095771
-0.9794189428323646,0.1315150724156775,0.27532884054522905,0.004736858629095771
-0.9794189428323646,0.1315150724156775,-0.27532884054522905,0.004736858629095771
0.1315150724156775,-0.9794189428323646,0.27532884054522905,0.004736858629095771
0.1315150724156775,-0.9794189428323646,-0.27532884054522905,0.004736858629095771
-0.9794189428323646,-0.15209612958331287,0.27532884054522905,0.004736858629095771
-0.9794189428323646,-0.15209612958331287,-0.27532884054522905,0.004736858629095771
-0.15209612958331287,-0.9794189428323646,0.27532884054522905,0.004736858629095771
-0.15209612958331287,-0.9794189428323646,-0.27532884054522905,0.004736858629095771
-0.2780681667168685,0.2424934349837673,0.5589730934327103,0.0054243312442252625
-0.2780681667168685,0.2424934349837673,-0.5589730934327103,0.0054243312442252625
0.2424934349837673,-0.2780681667168685,0.5589730934327103,0.0054243312442252625
0.2424934349837673,-0.2780681667168685,-0.5589730934327103,0.0054243312442252625
-0.9644252682668988,0.2424934349837673,0.5589730934327103,0.0054243312442252625
-0.9644252682668988,0.2424934349837673,-0.5589730934327103,0.0054243312442252625
0.2424934349837673,-0.9644252682668988,0.5589730934327103,0.0054243312442252625
0.2424934349837673,-0.9644252682668988,-0.5589730934327103,0.0054243312442252625
-0.9644252682668988,-0.2780681667168685,0.5589730934327103,0.0054243312442252625
-0.9644252682668988,-0.2780681667168685,-0.5589730934327103,0.0054243312442252625
-0.2780681667168685,-0.9644252682668988,0.5589730934327103,0.0054243312442252625
-0.2780681667168685,-0.9644252682668988,-0.5589730934327103,0.0054243312442252625
-0.19083190353263368,0.16964881426510825,0.8261997398465655,0.002728576528902902
-0.19083190353263368,0.16964881426510825,-0.8261997398465655,0.002728576528902902
0.16964881426510825,-0.19083190353263368,0.8261997398465655,0.002728576528902902
0.16964881426510825,-0.19083190353263368,-0.8261997398465655,0.002728576528902902
-0.9788169107324746,0.16964881426510825,0.8261997398465655,0.002728576528902902
-0.9788169107324746,0.16964881426510825,-0.8261997398465655,0.002728576528902902
0.16964881426510825,-0.9788169107324746,0.8261997398465655,0.002728576528902902
0.16964881426510825,-0.9788169107324746,-0.8261997398465655,0.002728576528902902
-0.9788169107324746,-0.19083190353263368,0.8261997398465655,0.002728576528902902
-0.9788169107324746,-0.19083190353263368,-0.8261997398465655,0.002728576528902902
-0.19083190353263368,-0.9788169107324746,0.8261997398465655,0.002728576528902902
-0.19083190353263368,-0.9788169107324746,-0.8261997398465655,0.002728576528902902
-0.3628477291013643,0.3576285209175547,0.7878717629713784,0.0012725531040062514
-0.3628477291013643,0.3576285209175547,-0.7878717629713784,0.0012725531040062514
0.3576285209175547,-0.3628477291013643,0.7878717629713784,0.0012725531040062514
0.3576285209175547,-0.3628477291013643,-0.7878717629713784,0.0012725531040062514
-0.9947807918161904,0.3576285209175547,0.7878717629713784,0.0012725531040062514
-0.9947807918161904,0.3576285209175547,-0.7878717629713784,0.0012725531040062514
0.3576285209175547,-0.9947807918161904,0.7878717629713784,0.0012725531040062514
0.3576285209175547,-0.9947807918161904,-0.7878717629713784,0.0012725531040062514
-0.9947807918161904,-0.3628477291013643,0.7878717629713784,0.0012725531040062514
-0.9947807918161904,-0.3628477291013643,-0.7878717629713784,0.0012725531040062514
-0.3628477291013643,-0.9947807918161904,0.7878717629713784,0.0012725531040062514
-0.3628477291013643,-0.9947807918161904,-0.7878717629713784,0.0012725531040062514
-0.4831642913324926,0.2160385251177681,0.29875613644680377,0.011509580271747357
-0.4831642913324926,0.2160385251177681,-0.29875613644680377,0.011509580271747357
0.2160385251177681,-0.4831642913324926,0.29875613644680377,0.011509580271747357
0.2160385251177681,-0.4831642913324926,-0.29875613644680377,0.011509580271747357
-0.7328742337852755,0.2160385251177681,0.29875613644680377,0.011509580271747357
-0.7328742337852755,0.2160385251177681,-0.29875613644680377,0.011509580271747357
0.2160385251177681,-0.7328742337852755,0.29875613644680377,0.011509580271747357
0.2160385251177681,-0.7328742337852755,-0.29875613644680377,0.011509580271747357
-0.7328742337852755,-0.4831642913324926,0.29875613644680377,0.011509580271747357
-0.7328742337852755,-0.4831642913324926,-0.29875613644680377,0.011509580271747357
-0.4831642913324926,-0.7328742337852755,0.29875613644680377,0.011509580271747357
-0.4831642913324926,-0.7328742337852755,-0.29875613644680377,0.011509580271747357
-0.553547597510842,0.33968327323941216,0.8517965188557582,0.0095450408545281
-0.553547597510842,0.33968327323941216,-0.8517965188557582,0.0095450408545281
0.33968327323941216,-0.553547597510842,0.8517965188557582,0.0095450408545281
0.33968327323941216,-0.553547597510842,-0.8517965188557582,0.0095450408545281
-0.7861356757285701,0.33968327323941216,0.8517965188557582,0.0095450408545281
-0.7861356757285701,0.33968327323941216,-0.8517965188557582,0.0095450408545281
0.33968327323941216,-0.7861356757285701,0.8517965188557582,0.0095450408545281
0.33968327323941216,-0.7861356757285701,-0.8517965188557582,0.0095450408545281
-0.7861356757285701,-0.553547597510842,0.8517965188557582,0.0095450408545281
-0.7861356757285701,-0.553547597510842,-0.8517965188557582,0.0095450408545281
-0.553547597510842,-0.7861356757285701,0.8517965188557582,0.0095450408545281
-0.553547597510842,-0.7861356757285701,-0.8517965188557582,0.0095450408545281
-0.5711635503820407,0.45524068017277197,0.9837850314260717,0.0021735326840465414
-0.5711635503820407,0.45524068017277197,-0.9837850314260717,0.0021735326840465414
0.45524068017277197,-0.5711635503820407,0.9837850314260717,0.0021735326840465414
0.45524068017277197,-0.5711635503820407,-0.9837850314260717,0.0021735326840465414
-0.8840771297907313,0.45524068017277197,0.9837850314260717,0.0021735326840465414
-0.8840771297907313,0.45524068017277197,-0.9837850314260717,0.0021735326840465414
0.45524068017277197,-0.8840771297907313,0.9837850314260717,0.0021735326840465414
0.45524068017277197,-0.8840771297907313,-0.9837850314260717,0.0021735326840465414
-0.8840771297907313,-0.5711635503820407,0.9837850314260717,0.0021735326840465414
-0.8840771297907313,-0.5711635503820407,-0.9837850314260717,0.0021735326840465414
-0.5711635503820407,-0.8840771297907313,0.9837850314260717,0.0021735326840465414
-0.5711635503820407,-0.8840771297907313,-0.9837850314260717,0.0021735326840465414
-0.2531282189509604,0.09512000595738979,0.20406796306939443,0.011647631037170335
-0.2531282189509604,0.09512000595738979,-0.20406796306939443,0.011647631037170335
0.09512000595738979,-0.2531282189509604,0.20406796306939443,0.011647631037170335
0.09512000595738979,-0.2531282189509604,-0.20406796306939443,0.011647631037170335
-0.8419917870064294,0.09512000595738979,0.20406796306939443,0.011647631037170335
-0.8419917870064294,0.09512000595738979,-0.20406796306939443,0.011647631037170335
0.09512000595738979,-0.8419917870064294,0.20406796306939443,0.011647631037170335
0.09512000595738979,-0.8419917870064294,-0.20406796306939443,0.011647631037170335
-0.8419917870064294,-0.2531282189509604,0.20406796306939443,0.011647631037170335
-0.8419917870064294,-0.2531282189509604,-0.20406796306939443,0.011647631037170335
-0.2531282189509604,-0.8419917870064294,0.20406796306939443,0.011647631037170335
-0.2531282189509604,-0.8419917870064294,-0.20406796306939443,0.011647631037170335
-0.34632013505746617,0.22424052244608905,0.4590480093909093,0.00829648389954772
-0.34632013505746617,0.22424052244608905,-0.4590480093909093,0.00829648389954772
0.22424052244608905,-0.34632013505746617,0.4590480093909093,0.00829648389954772
0.22424052244608905,-0.34632013505746617,-0.4590480093909093,0.00829648389954772
-0.8779203873886229,0.22424052244608905,0.4590480093909093,0.00829648389954772
-0.8779203873886229,0.22424052244608905,-0.4590480093909093,0.00829648389954772
0.22424052244608905,-0.8779203873886229,0.4590480093909093,0.00829648389954772
0.22424052244608905,-0.8779203873886229,-0.4590480093909093,0.00829648389954772
-0.8779203873886229,-0.34632013505746617,0.4590480093909093,0.00829648389954772
-0.8779203873886229,-0.34632013505746617,-0.4590480093909093,0.00829648389954772
-0.34632013505746617,-0.8779203873886229,0.4590480093909093,0.00829648389954772
-0.34632013505746617,-0.8779203873886229,-0.4590480093909093,0.00829648389954772
-0.2508732289014022,0.11182467053821554,0.7586634384025539,0.008710573667935404
-0.2508732289014022,0.11182467053821554,-0.7586634384025539,0.008710573667935404
0.11182467053821554,-0.2508732289014022,0.7586634384025539,0.008710573667935404
0.11182467053821554,-0.2508732289014022,-0.7586634384025539,0.008710573667935404
-0.8609514416368134,0.11182467053821554,0.7586634384025539,0.008710573667935404
-0.8609514416368134,0.11182467053821554,-0.7586634384025539,0.008710573667935404
0.11182467053821554,-0.8609514416368134,0.7586634384025539,0.008710573667935404
0.11182467053821554,-0.8609514416368134,-0.7586634384025539,0.008710573667935404
-0.8609514416368134,-0.2508732289014022,0.7586634384025539,0.008710573667935404
-0.8609514416368134,-0.2508732289014022,-0.7586634384025539,0.008710573667935404
-0.2508732289014022,-0.8609514416368134,0.7586634384025539,0.008710573667935404
-0.2508732289014022,-0.8609514416368134,-0.7586634384025539,0.008710573667935404
-0.32546190630776595,0.22508214845123486,0.9256479204599443,0.00449349912117065
-0.32546190630776595,0.22508214845123486,-0.9256479204599443,0.00449349912117065
0.22508214845123486,-0.32546190630776595,0.9256479204599443,0.00449349912117065
0.22508214845123486,-0.32546190630776595,-0.9256479204599443,0.00449349912117065
-0.8996202421434689,0.22508214845123486,0.9256479204599443,0.00449349912117065
-0.8996202421434689,0.22508214845123486,-0.9256479204599443,0.00449349912117065
0.22508214845123486,-0.8996202421434689,0.9256479204599443,0.00449349912117065
0.22508214845123486,-0.8996202421434689,-0.9256479204599443,0.00449349912117065
-0.8996202421434689,-0.32546190630776595,0.9256479204599443,0.00449349912117065
-0.8996202421434689,-0.32546190630776595,-0.9256479204599443,0.00449349912117065
-0.32546190630776595,-0.8996202421434689,0.9256479204599443,0.00449349912117065
-0.32546190630776595,-0.8996202421434689,-0.9256479204599443,0.00449349912117065
-0.3010516558583656,0.2748135274283505,0.9821351774884984,0.001148073790620026
-0.3010516558583656,0.2748135274283505,-0.9821351774884984,0.001148073790620026
0.2748135274283505,-0.3010516558583656,0.9821351774884984,0.001148073790620026
0.2748135274283505,-0.3010516558583656,-0.9821351774884984,0.001148073790620026
-0.973761871569985,0.2748135274283505,0.9821351774884984,0.001148073790620026
-0.973761871569985,0.2748135274283505,-0.9821351774884984,0.001148073790620026
0.2748135274283505,-0.973761871569985,0.9821351774884984,0.001148073790620026
0.2748135274283505,-0.973761871569985,-0.9821351774884984,0.001148073790620026
-0.973761871569985,-0.3010516558583656,0.9821351774884984,0.001148073790620026
-0.973761871569985,-0.3010516558583656,-0.9821351774884984,0.001148073790620026
-0.3010516558583656,-0.973761871569985,0.9821351774884984,0.001148073790620026
-0.3010516558583656,-0.973761871569985,-0.9821351774884984,0.001148073790620026
-0.30936631199583575,-0.010290770908215396,0.37967272197412183,0.01236388576396316
-0.30936631199583575,-0.010290770908215396,-0.37967272197412183,0.01236388576396316
-0.010290770908215396,-0.30936631199583575,0.37967272197412183,0.01236388576396316
-0.010290770908215396,-0.30936631199583575,-0.37967272197412183,0.01236388576396316
-0.6803429170959489,-0.010290770908215396,0.37967272197412183,0.01236388576396316
-0.6803429170959489,-0.010290770908215396,-0.37967272197412183,0.01236388576396316
-0.010290770908215396,-0.6803429170959489,0.37967272197412183,0.01236388576396316
-0.010290770908215396,-0.6803429170959489,-0.37967272197412183,0.01236388576396316
-0.6803429170959489,-0.30936631199583575,0.37967272197412183,0.01236388576396316
-0.6803429170959489,-0.30936631199583575,-0.37967272197412183,0.01236388576396316
-0.30936631199583575,-0.6803429170959489,0.37967272197412183,0.01236388576396316
-0.30936631199583575,-0.6803429170959489,-0.37967272197412183,0.01236388576396316
-0.41038755620686396,0.15631272509723404,0.633289715354728,0.011284504050457778
-0.41038755620686396,0.15631272509723404,-0.633289715354728,0.011284504050457778
0.15631272509723404,-0.41038755620686396,0.633289715354728,0.011284504050457778
0.15631272509723404,-0.41038755620686396,-0.633289715354728,0.011284504050457778
-0.7459251688903701,0.15631272509723404,0.633289715354728,0.011284504050457778
-0.7459251688903701,0.15631272509723404,-0.633289715354728,0.011284504050457778
0.15631272509723404,-0.7459251688903701,0.633289715354728,0.011284504050457778
0.15631272509723404,-0.7459251688903701,-0.633289715354728,0.011284504050457778
-0.7459251688903701,-0.41038755620686396,0.633289715354728,0.011284504050457778
-0.7459251688903701,-0.41038755620686396,-0.633289715354728,0.011284504050457778
-0.41038755620686396,-0.7459251688903701,0.633289715354728,0.011284504050457778
-0.41038755620686396,-0.7459251688903701,-0.633289715354728,0.011284504050457778
-0.3424606469381183,-0.017074572343640848,0.8141770525858505,0.012136383743192432
-0.3424606469381183,-0.017074572343640848,-0.8141770525858505,0.012136383743192432
-0.017074572343640848,-0.3424606469381183,0.8141770525858505,0.012136383743192432
-0.017074572343640848,-0.3424606469381183,-0.8141770525858505,0.012136383743192432
-0.6404647807182409,-0.017074572343640848,0.8141770525858505,0.012136383743192432
-0.6404647807182409,-0.017074572343640848,-0.8141770525858505,0.012136383743192432
-0.017074572343640848,-0.6404647807182409,0.8141770525858505,0.012136383743192432
-0.017074572343640848,-0.6404647807182409,-0.8141770525858505,0.012136383743192432
-0.6404647807182409,-0.3424606469381183,0.8141770525858505,0.012136383743192432
-0.6404647807182409,-0.3424606469381183,-0.8141770525858505,0.012136383743192432
-0.3424606469381183,-0.6404647807182409,0.8141770525858505,0.012136383743192432
-0.3424606469381183,-0.6404647807182409,-0.8141770525858505,0.012136383743192432
-0.3715725717698546,0.12306339680290179,0.9713486864566733,0.004533842903057396
-0.3715725717698546,0.12306339680290179,-0.9713486864566733,0.004533842903057396
0.12306339680290179,-0.3715725717698546,0.9713486864566733,0.004533842903057396
0.12306339680290179,-0.3715725717698546,-0.9713486864566733,0.004533842903057396
-0.7514908250330472,0.12306339680290179,0.9713486864566733,0.004533842903057396
-0.7514908250330472,0.12306339680290179,-0.9713486864566733,0.004533842903057396
0.12306339680290179,-0.7514908250330472,0.9713486864566733,0.004533842903057396
0.12306339680290179,-0.7514908250330472,-0.9713486864566733,0.004533842903057396
-0.7514908250330472,-0.3715725717698546,0.9713486864566733,0.004533842903057396
-0.7514908250330472,-0.3715725717698546,-0.9713486864566733,0.004533842903057396
-0.3715725717698546,-0.7514908250330472,0.9713486864566733,0.004533842903057396
-0.3715725717698546,-0.7514908250330472,-0.9713486864566733,0.004533842903057396
